frame_file,second
frame_0001.jpg,0
frame_0002.jpg,1
frame_0003.jpg,2
frame_0004.jpg,3
frame_0005.jpg,4
frame_0006.jpg,5
frame_0007.jpg,6
frame_0008.jpg,7
frame_0009.jpg,8
frame_0010.jpg,9
frame_0011.jpg,10
frame_0012.jpg,11
frame_0013.jpg,12
frame_0014.jpg,13
frame_0015.jpg,14
frame_0016.jpg,15
frame_0017.jpg,16
frame_0018.jpg,17
frame_0019.jpg,18
frame_0020.jpg,19
frame_0021.jpg,20
frame_0022.jpg,21
frame_0023.jpg,22
frame_0024.jpg,23
frame_0025.jpg,24
frame_0026.jpg,25
frame_0027.jpg,26
frame_0028.jpg,27
frame_0029.jpg,28
frame_0030.jpg,29
frame_0031.jpg,30
frame_0032.jpg,31
frame_0033.jpg,32
frame_0034.jpg,33
frame_0035.jpg,34
frame_0036.jpg,35
frame_0037.jpg,36
frame_0038.jpg,37
frame_0039.jpg,38
frame_0040.jpg,39
frame_0041.jpg,40
frame_0042.jpg,41
frame_0043.jpg,42
frame_0044.jpg,43
frame_0045.jpg,44
frame_0046.jpg,45
frame_0047.jpg,46
frame_0048.jpg,47
frame_0049.jpg,48
frame_0050.jpg,49
frame_0051.jpg,50
frame_0052.jpg,51
frame_0053.jpg,52
frame_0054.jpg,53
frame_0055.jpg,54
frame_0056.jpg,55
frame_0057.jpg,56
frame_0058.jpg,57
frame_0059.jpg,58
frame_0060.jpg,59
frame_0061.jpg,60
frame_0062.jpg,61
frame_0063.jpg,62
frame_0064.jpg,63
frame_0065.jpg,64
frame_0066.jpg,65
frame_0067.jpg,66
frame_0068.jpg,67
frame_0069.jpg,68
frame_0070.jpg,69
frame_0071.jpg,70
frame_0072.jpg,71
frame_0073.jpg,72
frame_0074.jpg,73
frame_0075.jpg,74
frame_0076.jpg,75
frame_0077.jpg,76
frame_0078.jpg,77
frame_0079.jpg,78
frame_0080.jpg,79
frame_0081.jpg,80
frame_0082.jpg,81
frame_0083.jpg,82
frame_0084.jpg,83
frame_0085.jpg,84
frame_0086.jpg,85
frame_0087.jpg,86
frame_0088.jpg,87
frame_0089.jpg,88
frame_0090.jpg,89
frame_0091.jpg,90
frame_0092.jpg,91
frame_0093.jpg,92
frame_0094.jpg,93
frame_0095.jpg,94
frame_0096.jpg,95
frame_0097.jpg,96
frame_0098.jpg,97
frame_0099.jpg,98
frame_0100.jpg,99
frame_0101.jpg,100
frame_0102.jpg,101
frame_0103.jpg,102
frame_0104.jpg,103
frame_0105.jpg,104
frame_0106.jpg,105
frame_0107.jpg,106
frame_0108.jpg,107
frame_0109.jpg,108
frame_0110.jpg,109
frame_0111.jpg,110
frame_0112.jpg,111
frame_0113.jpg,112
frame_0114.jpg,113
frame_0115.jpg,114
frame_0116.jpg,115
frame_0117.jpg,116
frame_0118.jpg,117
frame_0119.jpg,118
frame_0120.jpg,119
frame_0121.jpg,120
frame_0122.jpg,121
frame_0123.jpg,122
frame_0124.jpg,123
frame_0125.jpg,124
frame_0126.jpg,125
frame_0127.jpg,126
frame_0128.jpg,127
frame_0129.jpg,128
frame_0130.jpg,129
frame_0131.jpg,130
frame_0132.jpg,131
frame_0133.jpg,132
frame_0134.jpg,133
frame_0135.jpg,134
frame_0136.jpg,135
frame_0137.jpg,136
frame_0138.jpg,137
frame_0139.jpg,138
frame_0140.jpg,139
frame_0141.jpg,140
frame_0142.jpg,141
frame_0143.jpg,142
frame_0144.jpg,143
frame_0145.jpg,144
frame_0146.jpg,145
frame_0147.jpg,146
frame_0148.jpg,147
frame_0149.jpg,148
frame_0150.jpg,149
